"","sim","N","Obs.mean.bias","obs.sd.bias","diff.soc.pheno","N.obs.pheno","N.alters.per.obs","interactions.biases","interactions.biases.sd","id","strength","NFocals","MeanIntByFocal","SdIntByFocal"
"1",1,37,-46.02,0.99,-46.02,65,20,29.56,4.08,"1",1260,36,35,0
"2",1,37,-46.02,0.99,-46.02,65,20,29.56,4.08,"2",4160,64,65,0
"3",1,37,-46.02,0.99,-46.02,65,20,29.56,4.08,"3",4225,65,65,0
"4",1,37,-46.02,0.99,-46.02,65,20,29.56,4.08,"4",1225,35,35,0
"5",1,37,-46.02,0.99,-46.02,65,20,29.56,4.08,"5",4290,66,65,0
"6",1,37,-46.02,0.99,-46.02,65,20,29.56,4.08,"6",4160,64,65,0
"7",1,37,-46.02,0.99,-46.02,65,20,29.56,4.08,"7",4225,65,65,0
"8",1,37,-46.02,0.99,-46.02,65,20,29.56,4.08,"8",4290,66,65,0
"9",1,37,-46.02,0.99,-46.02,65,20,29.56,4.08,"9",4225,65,65,0
"10",1,37,-46.02,0.99,-46.02,65,20,29.56,4.08,"10",4290,66,65,0
"11",1,37,-46.02,0.99,-46.02,65,20,29.56,4.08,"11",4225,65,65,0
"12",1,37,-46.02,0.99,-46.02,65,20,29.56,4.08,"12",1260,36,35,0
"13",1,37,-46.02,0.99,-46.02,65,20,29.56,4.08,"13",1225,35,35,0
"14",1,37,-46.02,0.99,-46.02,65,20,29.56,4.08,"14",1260,36,35,0
"15",1,37,-46.02,0.99,-46.02,65,20,29.56,4.08,"15",1225,35,35,0
"16",1,37,-46.02,0.99,-46.02,65,20,29.56,4.08,"16",4225,65,65,0
"17",1,37,-46.02,0.99,-46.02,65,20,29.56,4.08,"17",1225,35,35,0
"18",1,37,-46.02,0.99,-46.02,65,20,29.56,4.08,"18",1225,35,35,0
"19",1,37,-46.02,0.99,-46.02,65,20,29.56,4.08,"19",1225,35,35,0
"20",1,37,-46.02,0.99,-46.02,65,20,29.56,4.08,"20",4160,64,65,0
"21",1,37,-46.02,0.99,-46.02,65,20,29.56,4.08,"21",1260,36,35,0
"22",1,37,-46.02,0.99,-46.02,65,20,29.56,4.08,"22",4225,65,65,0
"23",1,37,-46.02,0.99,-46.02,65,20,29.56,4.08,"23",4290,66,65,0
"24",1,37,-46.02,0.99,-46.02,65,20,29.56,4.08,"24",1225,35,35,0
"25",1,37,-46.02,0.99,-46.02,65,20,29.56,4.08,"25",4225,65,65,0
"26",1,37,-46.02,0.99,-46.02,65,20,29.56,4.08,"26",4290,66,65,0
"27",1,37,-46.02,0.99,-46.02,65,20,29.56,4.08,"27",1225,35,35,0
"28",1,37,-46.02,0.99,-46.02,65,20,29.56,4.08,"28",4225,65,65,0
"29",1,37,-46.02,0.99,-46.02,65,20,29.56,4.08,"29",4160,64,65,0
"30",1,37,-46.02,0.99,-46.02,65,20,29.56,4.08,"30",4225,65,65,0
"31",1,37,-46.02,0.99,-46.02,65,20,29.56,4.08,"31",1225,35,35,0
"32",1,37,-46.02,0.99,-46.02,65,20,29.56,4.08,"32",1225,35,35,0
"33",1,37,-46.02,0.99,-46.02,65,20,29.56,4.08,"33",4225,65,65,0
"34",1,37,-46.02,0.99,-46.02,65,20,29.56,4.08,"34",4225,65,65,0
"35",1,37,-46.02,0.99,-46.02,65,20,29.56,4.08,"35",1225,35,35,0
"36",1,37,-46.02,0.99,-46.02,65,20,29.56,4.08,"36",1225,35,35,0
"37",1,37,-46.02,0.99,-46.02,65,20,29.56,4.08,"37",1225,35,35,0
"110",2,76,43.99,0.37,43.99,96,13,21.87,1.88,"1",18906,137,138,0
"210",2,76,43.99,0.37,43.99,96,13,21.87,1.88,"2",19182,139,138,0
"310",2,76,43.99,0.37,43.99,96,13,21.87,1.88,"3",9216,96,96,0
"410",2,76,43.99,0.37,43.99,96,13,21.87,1.88,"4",19044,138,138,0
"510",2,76,43.99,0.37,43.99,96,13,21.87,1.88,"5",9216,96,96,0
"610",2,76,43.99,0.37,43.99,96,13,21.87,1.88,"6",9216,96,96,0
"77",2,76,43.99,0.37,43.99,96,13,21.87,1.88,"7",9216,96,96,0
"81",2,76,43.99,0.37,43.99,96,13,21.87,1.88,"8",19182,139,138,0
"91",2,76,43.99,0.37,43.99,96,13,21.87,1.88,"9",9216,96,96,0
"101",2,76,43.99,0.37,43.99,96,13,21.87,1.88,"10",19044,138,138,0
"111",2,76,43.99,0.37,43.99,96,13,21.87,1.88,"11",19044,138,138,0
"121",2,76,43.99,0.37,43.99,96,13,21.87,1.88,"12",19044,138,138,0
"131",2,76,43.99,0.37,43.99,96,13,21.87,1.88,"13",9216,96,96,0
"141",2,76,43.99,0.37,43.99,96,13,21.87,1.88,"14",19182,139,138,0
"151",2,76,43.99,0.37,43.99,96,13,21.87,1.88,"15",19182,139,138,0
"161",2,76,43.99,0.37,43.99,96,13,21.87,1.88,"16",19044,138,138,0
"171",2,76,43.99,0.37,43.99,96,13,21.87,1.88,"17",9216,96,96,0
"181",2,76,43.99,0.37,43.99,96,13,21.87,1.88,"18",19044,138,138,0
"191",2,76,43.99,0.37,43.99,96,13,21.87,1.88,"19",19044,138,138,0
"201",2,76,43.99,0.37,43.99,96,13,21.87,1.88,"20",9120,95,96,0
"211",2,76,43.99,0.37,43.99,96,13,21.87,1.88,"21",9216,96,96,0
"221",2,76,43.99,0.37,43.99,96,13,21.87,1.88,"22",9216,96,96,0
"231",2,76,43.99,0.37,43.99,96,13,21.87,1.88,"23",19044,138,138,0
"241",2,76,43.99,0.37,43.99,96,13,21.87,1.88,"24",19044,138,138,0
"251",2,76,43.99,0.37,43.99,96,13,21.87,1.88,"25",9216,96,96,0
"261",2,76,43.99,0.37,43.99,96,13,21.87,1.88,"26",19044,138,138,0
"271",2,76,43.99,0.37,43.99,96,13,21.87,1.88,"27",19044,138,138,0
"281",2,76,43.99,0.37,43.99,96,13,21.87,1.88,"28",19044,138,138,0
"291",2,76,43.99,0.37,43.99,96,13,21.87,1.88,"29",9216,96,96,0
"301",2,76,43.99,0.37,43.99,96,13,21.87,1.88,"30",19182,139,138,0
"311",2,76,43.99,0.37,43.99,96,13,21.87,1.88,"31",9216,96,96,0
"321",2,76,43.99,0.37,43.99,96,13,21.87,1.88,"32",9216,96,96,0
"331",2,76,43.99,0.37,43.99,96,13,21.87,1.88,"33",9216,96,96,0
"341",2,76,43.99,0.37,43.99,96,13,21.87,1.88,"34",9216,96,96,0
"351",2,76,43.99,0.37,43.99,96,13,21.87,1.88,"35",19044,138,138,0
"361",2,76,43.99,0.37,43.99,96,13,21.87,1.88,"36",19044,138,138,0
"371",2,76,43.99,0.37,43.99,96,13,21.87,1.88,"37",9216,96,96,0
"38",2,76,43.99,0.37,43.99,96,13,21.87,1.88,"38",19044,138,138,0
"39",2,76,43.99,0.37,43.99,96,13,21.87,1.88,"39",19044,138,138,0
"40",2,76,43.99,0.37,43.99,96,13,21.87,1.88,"40",9312,97,96,0
"41",2,76,43.99,0.37,43.99,96,13,21.87,1.88,"41",9216,96,96,0
"42",2,76,43.99,0.37,43.99,96,13,21.87,1.88,"42",19044,138,138,0
"43",2,76,43.99,0.37,43.99,96,13,21.87,1.88,"43",19044,138,138,0
"44",2,76,43.99,0.37,43.99,96,13,21.87,1.88,"44",9216,96,96,0
"45",2,76,43.99,0.37,43.99,96,13,21.87,1.88,"45",19044,138,138,0
"46",2,76,43.99,0.37,43.99,96,13,21.87,1.88,"46",9216,96,96,0
"47",2,76,43.99,0.37,43.99,96,13,21.87,1.88,"47",19044,138,138,0
"48",2,76,43.99,0.37,43.99,96,13,21.87,1.88,"48",19044,138,138,0
"49",2,76,43.99,0.37,43.99,96,13,21.87,1.88,"49",19182,139,138,0
"50",2,76,43.99,0.37,43.99,96,13,21.87,1.88,"50",9120,95,96,0
"51",2,76,43.99,0.37,43.99,96,13,21.87,1.88,"51",19182,139,138,0
"52",2,76,43.99,0.37,43.99,96,13,21.87,1.88,"52",9216,96,96,0
"53",2,76,43.99,0.37,43.99,96,13,21.87,1.88,"53",19044,138,138,0
"54",2,76,43.99,0.37,43.99,96,13,21.87,1.88,"54",19044,138,138,0
"55",2,76,43.99,0.37,43.99,96,13,21.87,1.88,"55",19182,139,138,0
"56",2,76,43.99,0.37,43.99,96,13,21.87,1.88,"56",19182,139,138,0
"57",2,76,43.99,0.37,43.99,96,13,21.87,1.88,"57",9216,96,96,0
"58",2,76,43.99,0.37,43.99,96,13,21.87,1.88,"58",19182,139,138,0
"59",2,76,43.99,0.37,43.99,96,13,21.87,1.88,"59",9216,96,96,0
"60",2,76,43.99,0.37,43.99,96,13,21.87,1.88,"60",19044,138,138,0
"61",2,76,43.99,0.37,43.99,96,13,21.87,1.88,"61",19182,139,138,0
"62",2,76,43.99,0.37,43.99,96,13,21.87,1.88,"62",9216,96,96,0
"63",2,76,43.99,0.37,43.99,96,13,21.87,1.88,"63",19182,139,138,0
"64",2,76,43.99,0.37,43.99,96,13,21.87,1.88,"64",9312,97,96,0
"65",2,76,43.99,0.37,43.99,96,13,21.87,1.88,"65",19044,138,138,0
"66",2,76,43.99,0.37,43.99,96,13,21.87,1.88,"66",9216,96,96,0
"67",2,76,43.99,0.37,43.99,96,13,21.87,1.88,"67",9216,96,96,0
"68",2,76,43.99,0.37,43.99,96,13,21.87,1.88,"68",9216,96,96,0
"69",2,76,43.99,0.37,43.99,96,13,21.87,1.88,"69",19044,138,138,0
"70",2,76,43.99,0.37,43.99,96,13,21.87,1.88,"70",18906,137,138,0
"71",2,76,43.99,0.37,43.99,96,13,21.87,1.88,"71",9216,96,96,0
"72",2,76,43.99,0.37,43.99,96,13,21.87,1.88,"72",19044,138,138,0
"73",2,76,43.99,0.37,43.99,96,13,21.87,1.88,"73",19044,138,138,0
"74",2,76,43.99,0.37,43.99,96,13,21.87,1.88,"74",9216,96,96,0
"75",2,76,43.99,0.37,43.99,96,13,21.87,1.88,"75",9216,96,96,0
"76",2,76,43.99,0.37,43.99,96,13,21.87,1.88,"76",9216,96,96,0
"112",3,65,17.7,1.05,17.7,12,19,-36.86,3.96,"1",144,12,12,0
"212",3,65,17.7,1.05,17.7,12,19,-36.86,3.96,"2",196,14,14,0
"312",3,65,17.7,1.05,17.7,12,19,-36.86,3.96,"3",144,12,12,0
"411",3,65,17.7,1.05,17.7,12,19,-36.86,3.96,"4",196,14,14,0
"511",3,65,17.7,1.05,17.7,12,19,-36.86,3.96,"5",196,14,14,0
"611",3,65,17.7,1.05,17.7,12,19,-36.86,3.96,"6",196,14,14,0
"78",3,65,17.7,1.05,17.7,12,19,-36.86,3.96,"7",196,14,14,0
"82",3,65,17.7,1.05,17.7,12,19,-36.86,3.96,"8",196,14,14,0
"92",3,65,17.7,1.05,17.7,12,19,-36.86,3.96,"9",196,14,14,0
"102",3,65,17.7,1.05,17.7,12,19,-36.86,3.96,"10",144,12,12,0
"113",3,65,17.7,1.05,17.7,12,19,-36.86,3.96,"11",196,14,14,0
"122",3,65,17.7,1.05,17.7,12,19,-36.86,3.96,"12",196,14,14,0
"132",3,65,17.7,1.05,17.7,12,19,-36.86,3.96,"13",196,14,14,0
"142",3,65,17.7,1.05,17.7,12,19,-36.86,3.96,"14",196,14,14,0
"152",3,65,17.7,1.05,17.7,12,19,-36.86,3.96,"15",196,14,14,0
"162",3,65,17.7,1.05,17.7,12,19,-36.86,3.96,"16",144,12,12,0
"172",3,65,17.7,1.05,17.7,12,19,-36.86,3.96,"17",144,12,12,0
"182",3,65,17.7,1.05,17.7,12,19,-36.86,3.96,"18",144,12,12,0
"192",3,65,17.7,1.05,17.7,12,19,-36.86,3.96,"19",144,12,12,0
"202",3,65,17.7,1.05,17.7,12,19,-36.86,3.96,"20",196,14,14,0
"213",3,65,17.7,1.05,17.7,12,19,-36.86,3.96,"21",144,12,12,0
"222",3,65,17.7,1.05,17.7,12,19,-36.86,3.96,"22",144,12,12,0
"232",3,65,17.7,1.05,17.7,12,19,-36.86,3.96,"23",196,14,14,0
"242",3,65,17.7,1.05,17.7,12,19,-36.86,3.96,"24",144,12,12,0
"252",3,65,17.7,1.05,17.7,12,19,-36.86,3.96,"25",196,14,14,0
"262",3,65,17.7,1.05,17.7,12,19,-36.86,3.96,"26",144,12,12,0
"272",3,65,17.7,1.05,17.7,12,19,-36.86,3.96,"27",144,12,12,0
"282",3,65,17.7,1.05,17.7,12,19,-36.86,3.96,"28",196,14,14,0
"292",3,65,17.7,1.05,17.7,12,19,-36.86,3.96,"29",144,12,12,0
"302",3,65,17.7,1.05,17.7,12,19,-36.86,3.96,"30",144,12,12,0
"313",3,65,17.7,1.05,17.7,12,19,-36.86,3.96,"31",196,14,14,0
"322",3,65,17.7,1.05,17.7,12,19,-36.86,3.96,"32",196,14,14,0
"332",3,65,17.7,1.05,17.7,12,19,-36.86,3.96,"33",196,14,14,0
"342",3,65,17.7,1.05,17.7,12,19,-36.86,3.96,"34",196,14,14,0
"352",3,65,17.7,1.05,17.7,12,19,-36.86,3.96,"35",144,12,12,0
"362",3,65,17.7,1.05,17.7,12,19,-36.86,3.96,"36",196,14,14,0
"372",3,65,17.7,1.05,17.7,12,19,-36.86,3.96,"37",144,12,12,0
"381",3,65,17.7,1.05,17.7,12,19,-36.86,3.96,"38",196,14,14,0
"391",3,65,17.7,1.05,17.7,12,19,-36.86,3.96,"39",196,14,14,0
"401",3,65,17.7,1.05,17.7,12,19,-36.86,3.96,"40",144,12,12,0
"412",3,65,17.7,1.05,17.7,12,19,-36.86,3.96,"41",196,14,14,0
"421",3,65,17.7,1.05,17.7,12,19,-36.86,3.96,"42",144,12,12,0
"431",3,65,17.7,1.05,17.7,12,19,-36.86,3.96,"43",144,12,12,0
"441",3,65,17.7,1.05,17.7,12,19,-36.86,3.96,"44",144,12,12,0
"451",3,65,17.7,1.05,17.7,12,19,-36.86,3.96,"45",144,12,12,0
"461",3,65,17.7,1.05,17.7,12,19,-36.86,3.96,"46",196,14,14,0
"471",3,65,17.7,1.05,17.7,12,19,-36.86,3.96,"47",196,14,14,0
"481",3,65,17.7,1.05,17.7,12,19,-36.86,3.96,"48",144,12,12,0
"491",3,65,17.7,1.05,17.7,12,19,-36.86,3.96,"49",196,14,14,0
"501",3,65,17.7,1.05,17.7,12,19,-36.86,3.96,"50",144,12,12,0
"512",3,65,17.7,1.05,17.7,12,19,-36.86,3.96,"51",196,14,14,0
"521",3,65,17.7,1.05,17.7,12,19,-36.86,3.96,"52",144,12,12,0
"531",3,65,17.7,1.05,17.7,12,19,-36.86,3.96,"53",196,14,14,0
"541",3,65,17.7,1.05,17.7,12,19,-36.86,3.96,"54",144,12,12,0
"551",3,65,17.7,1.05,17.7,12,19,-36.86,3.96,"55",144,12,12,0
"561",3,65,17.7,1.05,17.7,12,19,-36.86,3.96,"56",144,12,12,0
"571",3,65,17.7,1.05,17.7,12,19,-36.86,3.96,"57",196,14,14,0
"581",3,65,17.7,1.05,17.7,12,19,-36.86,3.96,"58",144,12,12,0
"591",3,65,17.7,1.05,17.7,12,19,-36.86,3.96,"59",144,12,12,0
"601",3,65,17.7,1.05,17.7,12,19,-36.86,3.96,"60",196,14,14,0
"612",3,65,17.7,1.05,17.7,12,19,-36.86,3.96,"61",144,12,12,0
"621",3,65,17.7,1.05,17.7,12,19,-36.86,3.96,"62",196,14,14,0
"631",3,65,17.7,1.05,17.7,12,19,-36.86,3.96,"63",144,12,12,0
"641",3,65,17.7,1.05,17.7,12,19,-36.86,3.96,"64",196,14,14,0
"651",3,65,17.7,1.05,17.7,12,19,-36.86,3.96,"65",196,14,14,0
"114",4,39,10.28,2.48,10.28,23,19,-22.09,3.86,"1",650,26,25,0
"214",4,39,10.28,2.48,10.28,23,19,-22.09,3.86,"2",552,24,23,0
"314",4,39,10.28,2.48,10.28,23,19,-22.09,3.86,"3",529,23,23,0
"413",4,39,10.28,2.48,10.28,23,19,-22.09,3.86,"4",529,23,23,0
"513",4,39,10.28,2.48,10.28,23,19,-22.09,3.86,"5",650,26,25,0
"613",4,39,10.28,2.48,10.28,23,19,-22.09,3.86,"6",650,26,25,0
"79",4,39,10.28,2.48,10.28,23,19,-22.09,3.86,"7",650,26,25,0
"83",4,39,10.28,2.48,10.28,23,19,-22.09,3.86,"8",529,23,23,0
"93",4,39,10.28,2.48,10.28,23,19,-22.09,3.86,"9",625,25,25,0
"103",4,39,10.28,2.48,10.28,23,19,-22.09,3.86,"10",650,26,25,0
"115",4,39,10.28,2.48,10.28,23,19,-22.09,3.86,"11",650,26,25,0
"123",4,39,10.28,2.48,10.28,23,19,-22.09,3.86,"12",529,23,23,0
"133",4,39,10.28,2.48,10.28,23,19,-22.09,3.86,"13",506,22,23,0
"143",4,39,10.28,2.48,10.28,23,19,-22.09,3.86,"14",650,26,25,0
"153",4,39,10.28,2.48,10.28,23,19,-22.09,3.86,"15",625,25,25,0
"163",4,39,10.28,2.48,10.28,23,19,-22.09,3.86,"16",529,23,23,0
"173",4,39,10.28,2.48,10.28,23,19,-22.09,3.86,"17",552,24,23,0
"183",4,39,10.28,2.48,10.28,23,19,-22.09,3.86,"18",625,25,25,0
"193",4,39,10.28,2.48,10.28,23,19,-22.09,3.86,"19",552,24,23,0
"203",4,39,10.28,2.48,10.28,23,19,-22.09,3.86,"20",625,25,25,0
"215",4,39,10.28,2.48,10.28,23,19,-22.09,3.86,"21",529,23,23,0
"223",4,39,10.28,2.48,10.28,23,19,-22.09,3.86,"22",650,26,25,0
"233",4,39,10.28,2.48,10.28,23,19,-22.09,3.86,"23",650,26,25,0
"243",4,39,10.28,2.48,10.28,23,19,-22.09,3.86,"24",529,23,23,0
"253",4,39,10.28,2.48,10.28,23,19,-22.09,3.86,"25",529,23,23,0
"263",4,39,10.28,2.48,10.28,23,19,-22.09,3.86,"26",529,23,23,0
"273",4,39,10.28,2.48,10.28,23,19,-22.09,3.86,"27",650,26,25,0
"283",4,39,10.28,2.48,10.28,23,19,-22.09,3.86,"28",529,23,23,0
"293",4,39,10.28,2.48,10.28,23,19,-22.09,3.86,"29",625,25,25,0
"303",4,39,10.28,2.48,10.28,23,19,-22.09,3.86,"30",625,25,25,0
"315",4,39,10.28,2.48,10.28,23,19,-22.09,3.86,"31",506,22,23,0
"323",4,39,10.28,2.48,10.28,23,19,-22.09,3.86,"32",625,25,25,0
"333",4,39,10.28,2.48,10.28,23,19,-22.09,3.86,"33",529,23,23,0
"343",4,39,10.28,2.48,10.28,23,19,-22.09,3.86,"34",625,25,25,0
"353",4,39,10.28,2.48,10.28,23,19,-22.09,3.86,"35",650,26,25,0
"363",4,39,10.28,2.48,10.28,23,19,-22.09,3.86,"36",625,25,25,0
"373",4,39,10.28,2.48,10.28,23,19,-22.09,3.86,"37",529,23,23,0
"382",4,39,10.28,2.48,10.28,23,19,-22.09,3.86,"38",625,25,25,0
"392",4,39,10.28,2.48,10.28,23,19,-22.09,3.86,"39",506,22,23,0
"116",5,58,-44.55,1.17,-44.55,80,18,-39.56,2.21,"1",6400,80,80,0
"216",5,58,-44.55,1.17,-44.55,80,18,-39.56,2.21,"2",1936,44,44,0
"316",5,58,-44.55,1.17,-44.55,80,18,-39.56,2.21,"3",6400,80,80,0
"414",5,58,-44.55,1.17,-44.55,80,18,-39.56,2.21,"4",6400,80,80,0
"514",5,58,-44.55,1.17,-44.55,80,18,-39.56,2.21,"5",1980,45,44,0
"614",5,58,-44.55,1.17,-44.55,80,18,-39.56,2.21,"6",1936,44,44,0
"710",5,58,-44.55,1.17,-44.55,80,18,-39.56,2.21,"7",1936,44,44,0
"84",5,58,-44.55,1.17,-44.55,80,18,-39.56,2.21,"8",1936,44,44,0
"94",5,58,-44.55,1.17,-44.55,80,18,-39.56,2.21,"9",6400,80,80,0
"104",5,58,-44.55,1.17,-44.55,80,18,-39.56,2.21,"10",6320,79,80,0
"117",5,58,-44.55,1.17,-44.55,80,18,-39.56,2.21,"11",1980,45,44,0
"124",5,58,-44.55,1.17,-44.55,80,18,-39.56,2.21,"12",6480,81,80,0
"134",5,58,-44.55,1.17,-44.55,80,18,-39.56,2.21,"13",6400,80,80,0
"144",5,58,-44.55,1.17,-44.55,80,18,-39.56,2.21,"14",6400,80,80,0
"154",5,58,-44.55,1.17,-44.55,80,18,-39.56,2.21,"15",6480,81,80,0
"164",5,58,-44.55,1.17,-44.55,80,18,-39.56,2.21,"16",6400,80,80,0
"174",5,58,-44.55,1.17,-44.55,80,18,-39.56,2.21,"17",6480,81,80,0
"184",5,58,-44.55,1.17,-44.55,80,18,-39.56,2.21,"18",1980,45,44,0
"194",5,58,-44.55,1.17,-44.55,80,18,-39.56,2.21,"19",1980,45,44,0
"204",5,58,-44.55,1.17,-44.55,80,18,-39.56,2.21,"20",6320,79,80,0
"217",5,58,-44.55,1.17,-44.55,80,18,-39.56,2.21,"21",6560,82,80,0
"224",5,58,-44.55,1.17,-44.55,80,18,-39.56,2.21,"22",1936,44,44,0
"234",5,58,-44.55,1.17,-44.55,80,18,-39.56,2.21,"23",1892,43,44,0
"244",5,58,-44.55,1.17,-44.55,80,18,-39.56,2.21,"24",6400,80,80,0
"254",5,58,-44.55,1.17,-44.55,80,18,-39.56,2.21,"25",1980,45,44,0
"264",5,58,-44.55,1.17,-44.55,80,18,-39.56,2.21,"26",1980,45,44,0
"274",5,58,-44.55,1.17,-44.55,80,18,-39.56,2.21,"27",1936,44,44,0
"284",5,58,-44.55,1.17,-44.55,80,18,-39.56,2.21,"28",6400,80,80,0
"294",5,58,-44.55,1.17,-44.55,80,18,-39.56,2.21,"29",6240,78,80,0
"304",5,58,-44.55,1.17,-44.55,80,18,-39.56,2.21,"30",1936,44,44,0
"317",5,58,-44.55,1.17,-44.55,80,18,-39.56,2.21,"31",6480,81,80,0
"324",5,58,-44.55,1.17,-44.55,80,18,-39.56,2.21,"32",1980,45,44,0
"334",5,58,-44.55,1.17,-44.55,80,18,-39.56,2.21,"33",6400,80,80,0
"344",5,58,-44.55,1.17,-44.55,80,18,-39.56,2.21,"34",1980,45,44,0
"354",5,58,-44.55,1.17,-44.55,80,18,-39.56,2.21,"35",1892,43,44,0
"364",5,58,-44.55,1.17,-44.55,80,18,-39.56,2.21,"36",1980,45,44,0
"374",5,58,-44.55,1.17,-44.55,80,18,-39.56,2.21,"37",1892,43,44,0
"383",5,58,-44.55,1.17,-44.55,80,18,-39.56,2.21,"38",6400,80,80,0
"393",5,58,-44.55,1.17,-44.55,80,18,-39.56,2.21,"39",1892,43,44,0
"402",5,58,-44.55,1.17,-44.55,80,18,-39.56,2.21,"40",1980,45,44,0
"415",5,58,-44.55,1.17,-44.55,80,18,-39.56,2.21,"41",1936,44,44,0
"422",5,58,-44.55,1.17,-44.55,80,18,-39.56,2.21,"42",1936,44,44,0
"432",5,58,-44.55,1.17,-44.55,80,18,-39.56,2.21,"43",6480,81,80,0
"442",5,58,-44.55,1.17,-44.55,80,18,-39.56,2.21,"44",1936,44,44,0
"452",5,58,-44.55,1.17,-44.55,80,18,-39.56,2.21,"45",6320,79,80,0
"462",5,58,-44.55,1.17,-44.55,80,18,-39.56,2.21,"46",6240,78,80,0
"472",5,58,-44.55,1.17,-44.55,80,18,-39.56,2.21,"47",6320,79,80,0
"482",5,58,-44.55,1.17,-44.55,80,18,-39.56,2.21,"48",6320,79,80,0
"492",5,58,-44.55,1.17,-44.55,80,18,-39.56,2.21,"49",1936,44,44,0
"502",5,58,-44.55,1.17,-44.55,80,18,-39.56,2.21,"50",1980,45,44,0
"515",5,58,-44.55,1.17,-44.55,80,18,-39.56,2.21,"51",6400,80,80,0
"522",5,58,-44.55,1.17,-44.55,80,18,-39.56,2.21,"52",6400,80,80,0
"532",5,58,-44.55,1.17,-44.55,80,18,-39.56,2.21,"53",6560,82,80,0
"542",5,58,-44.55,1.17,-44.55,80,18,-39.56,2.21,"54",1980,45,44,0
"552",5,58,-44.55,1.17,-44.55,80,18,-39.56,2.21,"55",6400,80,80,0
"562",5,58,-44.55,1.17,-44.55,80,18,-39.56,2.21,"56",6400,80,80,0
"572",5,58,-44.55,1.17,-44.55,80,18,-39.56,2.21,"57",6480,81,80,0
"582",5,58,-44.55,1.17,-44.55,80,18,-39.56,2.21,"58",1980,45,44,0
"118",6,60,15.93,1.98,15.93,97,16,-46.56,2.83,"1",12656,113,112,0
"218",6,60,15.93,1.98,15.93,97,16,-46.56,2.83,"2",9118,94,97,0
"318",6,60,15.93,1.98,15.93,97,16,-46.56,2.83,"3",9312,96,97,0
"416",6,60,15.93,1.98,15.93,97,16,-46.56,2.83,"4",9312,96,97,0
"516",6,60,15.93,1.98,15.93,97,16,-46.56,2.83,"5",9603,99,97,0
"615",6,60,15.93,1.98,15.93,97,16,-46.56,2.83,"6",12208,109,112,0
"711",6,60,15.93,1.98,15.93,97,16,-46.56,2.83,"7",12656,113,112,0
"85",6,60,15.93,1.98,15.93,97,16,-46.56,2.83,"8",9506,98,97,0
"95",6,60,15.93,1.98,15.93,97,16,-46.56,2.83,"9",9409,97,97,0
"105",6,60,15.93,1.98,15.93,97,16,-46.56,2.83,"10",12320,110,112,0
"119",6,60,15.93,1.98,15.93,97,16,-46.56,2.83,"11",9312,96,97,0
"125",6,60,15.93,1.98,15.93,97,16,-46.56,2.83,"12",9700,100,97,0
"135",6,60,15.93,1.98,15.93,97,16,-46.56,2.83,"13",12544,112,112,0
"145",6,60,15.93,1.98,15.93,97,16,-46.56,2.83,"14",9894,102,97,0
"155",6,60,15.93,1.98,15.93,97,16,-46.56,2.83,"15",12320,110,112,0
"165",6,60,15.93,1.98,15.93,97,16,-46.56,2.83,"16",12544,112,112,0
"175",6,60,15.93,1.98,15.93,97,16,-46.56,2.83,"17",12096,108,112,0
"185",6,60,15.93,1.98,15.93,97,16,-46.56,2.83,"18",9215,95,97,0
"195",6,60,15.93,1.98,15.93,97,16,-46.56,2.83,"19",9797,101,97,0
"205",6,60,15.93,1.98,15.93,97,16,-46.56,2.83,"20",9312,96,97,0
"219",6,60,15.93,1.98,15.93,97,16,-46.56,2.83,"21",12432,111,112,0
"225",6,60,15.93,1.98,15.93,97,16,-46.56,2.83,"22",9603,99,97,0
"235",6,60,15.93,1.98,15.93,97,16,-46.56,2.83,"23",9118,94,97,0
"245",6,60,15.93,1.98,15.93,97,16,-46.56,2.83,"24",12656,113,112,0
"255",6,60,15.93,1.98,15.93,97,16,-46.56,2.83,"25",9312,96,97,0
"265",6,60,15.93,1.98,15.93,97,16,-46.56,2.83,"26",9409,97,97,0
"275",6,60,15.93,1.98,15.93,97,16,-46.56,2.83,"27",12432,111,112,0
"285",6,60,15.93,1.98,15.93,97,16,-46.56,2.83,"28",9506,98,97,0
"295",6,60,15.93,1.98,15.93,97,16,-46.56,2.83,"29",9409,97,97,0
"305",6,60,15.93,1.98,15.93,97,16,-46.56,2.83,"30",12656,113,112,0
"319",6,60,15.93,1.98,15.93,97,16,-46.56,2.83,"31",12768,114,112,0
"325",6,60,15.93,1.98,15.93,97,16,-46.56,2.83,"32",12544,112,112,0
"335",6,60,15.93,1.98,15.93,97,16,-46.56,2.83,"33",9506,98,97,0
"345",6,60,15.93,1.98,15.93,97,16,-46.56,2.83,"34",12656,113,112,0
"355",6,60,15.93,1.98,15.93,97,16,-46.56,2.83,"35",9603,99,97,0
"365",6,60,15.93,1.98,15.93,97,16,-46.56,2.83,"36",9215,95,97,0
"375",6,60,15.93,1.98,15.93,97,16,-46.56,2.83,"37",9506,98,97,0
"384",6,60,15.93,1.98,15.93,97,16,-46.56,2.83,"38",9409,97,97,0
"394",6,60,15.93,1.98,15.93,97,16,-46.56,2.83,"39",12432,111,112,0
"403",6,60,15.93,1.98,15.93,97,16,-46.56,2.83,"40",9312,96,97,0
"417",6,60,15.93,1.98,15.93,97,16,-46.56,2.83,"41",9603,99,97,0
"423",6,60,15.93,1.98,15.93,97,16,-46.56,2.83,"42",9506,98,97,0
"433",6,60,15.93,1.98,15.93,97,16,-46.56,2.83,"43",9506,98,97,0
"443",6,60,15.93,1.98,15.93,97,16,-46.56,2.83,"44",9409,97,97,0
"453",6,60,15.93,1.98,15.93,97,16,-46.56,2.83,"45",12320,110,112,0
"463",6,60,15.93,1.98,15.93,97,16,-46.56,2.83,"46",12544,112,112,0
"473",6,60,15.93,1.98,15.93,97,16,-46.56,2.83,"47",9312,96,97,0
"483",6,60,15.93,1.98,15.93,97,16,-46.56,2.83,"48",9312,96,97,0
"493",6,60,15.93,1.98,15.93,97,16,-46.56,2.83,"49",9118,94,97,0
"503",6,60,15.93,1.98,15.93,97,16,-46.56,2.83,"50",9118,94,97,0
"517",6,60,15.93,1.98,15.93,97,16,-46.56,2.83,"51",12656,113,112,0
"523",6,60,15.93,1.98,15.93,97,16,-46.56,2.83,"52",12656,113,112,0
"533",6,60,15.93,1.98,15.93,97,16,-46.56,2.83,"53",9603,99,97,0
"543",6,60,15.93,1.98,15.93,97,16,-46.56,2.83,"54",9409,97,97,0
"553",6,60,15.93,1.98,15.93,97,16,-46.56,2.83,"55",9118,94,97,0
"563",6,60,15.93,1.98,15.93,97,16,-46.56,2.83,"56",12656,113,112,0
"573",6,60,15.93,1.98,15.93,97,16,-46.56,2.83,"57",9409,97,97,0
"583",6,60,15.93,1.98,15.93,97,16,-46.56,2.83,"58",12768,114,112,0
"592",6,60,15.93,1.98,15.93,97,16,-46.56,2.83,"59",9409,97,97,0
"602",6,60,15.93,1.98,15.93,97,16,-46.56,2.83,"60",12320,110,112,0
"120",7,32,-2.4,3.9,-2.4,52,11,-43.54,0.62,"1",2652,52,51,0
"220",7,32,-2.4,3.9,-2.4,52,11,-43.54,0.62,"2",2704,52,52,0
"320",7,32,-2.4,3.9,-2.4,52,11,-43.54,0.62,"3",2754,54,51,0
"418",7,32,-2.4,3.9,-2.4,52,11,-43.54,0.62,"4",2652,51,52,0
"518",7,32,-2.4,3.9,-2.4,52,11,-43.54,0.62,"5",2808,54,52,0
"616",7,32,-2.4,3.9,-2.4,52,11,-43.54,0.62,"6",2756,53,52,0
"712",7,32,-2.4,3.9,-2.4,52,11,-43.54,0.62,"7",2550,50,51,0
"86",7,32,-2.4,3.9,-2.4,52,11,-43.54,0.62,"8",2652,52,51,0
"96",7,32,-2.4,3.9,-2.4,52,11,-43.54,0.62,"9",2496,48,52,0
"106",7,32,-2.4,3.9,-2.4,52,11,-43.54,0.62,"10",2550,50,51,0
"1110",7,32,-2.4,3.9,-2.4,52,11,-43.54,0.62,"11",2652,51,52,0
"126",7,32,-2.4,3.9,-2.4,52,11,-43.54,0.62,"12",2704,52,52,0
"136",7,32,-2.4,3.9,-2.4,52,11,-43.54,0.62,"13",2392,46,52,0
"146",7,32,-2.4,3.9,-2.4,52,11,-43.54,0.62,"14",2600,50,52,0
"156",7,32,-2.4,3.9,-2.4,52,11,-43.54,0.62,"15",2550,50,51,0
"166",7,32,-2.4,3.9,-2.4,52,11,-43.54,0.62,"16",2601,51,51,0
"176",7,32,-2.4,3.9,-2.4,52,11,-43.54,0.62,"17",2600,50,52,0
"186",7,32,-2.4,3.9,-2.4,52,11,-43.54,0.62,"18",2601,51,51,0
"196",7,32,-2.4,3.9,-2.4,52,11,-43.54,0.62,"19",2601,51,51,0
"206",7,32,-2.4,3.9,-2.4,52,11,-43.54,0.62,"20",2601,51,51,0
"2110",7,32,-2.4,3.9,-2.4,52,11,-43.54,0.62,"21",2704,52,52,0
"226",7,32,-2.4,3.9,-2.4,52,11,-43.54,0.62,"22",2756,53,52,0
"236",7,32,-2.4,3.9,-2.4,52,11,-43.54,0.62,"23",2652,52,51,0
"246",7,32,-2.4,3.9,-2.4,52,11,-43.54,0.62,"24",2703,53,51,0
"256",7,32,-2.4,3.9,-2.4,52,11,-43.54,0.62,"25",2499,49,51,0
"266",7,32,-2.4,3.9,-2.4,52,11,-43.54,0.62,"26",2600,50,52,0
"276",7,32,-2.4,3.9,-2.4,52,11,-43.54,0.62,"27",2397,47,51,0
"286",7,32,-2.4,3.9,-2.4,52,11,-43.54,0.62,"28",2548,49,52,0
"296",7,32,-2.4,3.9,-2.4,52,11,-43.54,0.62,"29",2652,52,51,0
"306",7,32,-2.4,3.9,-2.4,52,11,-43.54,0.62,"30",2548,49,52,0
"3110",7,32,-2.4,3.9,-2.4,52,11,-43.54,0.62,"31",2550,50,51,0
"326",7,32,-2.4,3.9,-2.4,52,11,-43.54,0.62,"32",2346,46,51,0
"127",8,79,-10.01,0.35,-10.01,44,22,43.32,0.37,"1",1600,40,40,0
"227",8,79,-10.01,0.35,-10.01,44,22,43.32,0.37,"2",1936,44,44,0
"327",8,79,-10.01,0.35,-10.01,44,22,43.32,0.37,"3",1936,44,44,0
"419",8,79,-10.01,0.35,-10.01,44,22,43.32,0.37,"4",1560,39,40,0
"519",8,79,-10.01,0.35,-10.01,44,22,43.32,0.37,"5",1936,44,44,0
"617",8,79,-10.01,0.35,-10.01,44,22,43.32,0.37,"6",1560,39,40,0
"713",8,79,-10.01,0.35,-10.01,44,22,43.32,0.37,"7",1600,40,40,0
"87",8,79,-10.01,0.35,-10.01,44,22,43.32,0.37,"8",1600,40,40,0
"97",8,79,-10.01,0.35,-10.01,44,22,43.32,0.37,"9",1936,44,44,0
"107",8,79,-10.01,0.35,-10.01,44,22,43.32,0.37,"10",1600,40,40,0
"1111",8,79,-10.01,0.35,-10.01,44,22,43.32,0.37,"11",1936,44,44,0
"128",8,79,-10.01,0.35,-10.01,44,22,43.32,0.37,"12",1600,40,40,0
"137",8,79,-10.01,0.35,-10.01,44,22,43.32,0.37,"13",1600,40,40,0
"147",8,79,-10.01,0.35,-10.01,44,22,43.32,0.37,"14",1936,44,44,0
"157",8,79,-10.01,0.35,-10.01,44,22,43.32,0.37,"15",1600,40,40,0
"167",8,79,-10.01,0.35,-10.01,44,22,43.32,0.37,"16",1560,39,40,0
"177",8,79,-10.01,0.35,-10.01,44,22,43.32,0.37,"17",1936,44,44,0
"187",8,79,-10.01,0.35,-10.01,44,22,43.32,0.37,"18",1936,44,44,0
"197",8,79,-10.01,0.35,-10.01,44,22,43.32,0.37,"19",1936,44,44,0
"207",8,79,-10.01,0.35,-10.01,44,22,43.32,0.37,"20",1600,40,40,0
"2111",8,79,-10.01,0.35,-10.01,44,22,43.32,0.37,"21",1600,40,40,0
"228",8,79,-10.01,0.35,-10.01,44,22,43.32,0.37,"22",1936,44,44,0
"237",8,79,-10.01,0.35,-10.01,44,22,43.32,0.37,"23",1560,39,40,0
"247",8,79,-10.01,0.35,-10.01,44,22,43.32,0.37,"24",1600,40,40,0
"257",8,79,-10.01,0.35,-10.01,44,22,43.32,0.37,"25",1600,40,40,0
"267",8,79,-10.01,0.35,-10.01,44,22,43.32,0.37,"26",1560,39,40,0
"277",8,79,-10.01,0.35,-10.01,44,22,43.32,0.37,"27",1560,39,40,0
"287",8,79,-10.01,0.35,-10.01,44,22,43.32,0.37,"28",1936,44,44,0
"297",8,79,-10.01,0.35,-10.01,44,22,43.32,0.37,"29",1600,40,40,0
"307",8,79,-10.01,0.35,-10.01,44,22,43.32,0.37,"30",1936,44,44,0
"3111",8,79,-10.01,0.35,-10.01,44,22,43.32,0.37,"31",1936,44,44,0
"328",8,79,-10.01,0.35,-10.01,44,22,43.32,0.37,"32",1600,40,40,0
"336",8,79,-10.01,0.35,-10.01,44,22,43.32,0.37,"33",1600,40,40,0
"346",8,79,-10.01,0.35,-10.01,44,22,43.32,0.37,"34",1600,40,40,0
"356",8,79,-10.01,0.35,-10.01,44,22,43.32,0.37,"35",1600,40,40,0
"366",8,79,-10.01,0.35,-10.01,44,22,43.32,0.37,"36",1560,39,40,0
"376",8,79,-10.01,0.35,-10.01,44,22,43.32,0.37,"37",1600,40,40,0
"385",8,79,-10.01,0.35,-10.01,44,22,43.32,0.37,"38",1936,44,44,0
"395",8,79,-10.01,0.35,-10.01,44,22,43.32,0.37,"39",1560,39,40,0
"404",8,79,-10.01,0.35,-10.01,44,22,43.32,0.37,"40",1560,39,40,0
"4110",8,79,-10.01,0.35,-10.01,44,22,43.32,0.37,"41",1936,44,44,0
"424",8,79,-10.01,0.35,-10.01,44,22,43.32,0.37,"42",1936,44,44,0
"434",8,79,-10.01,0.35,-10.01,44,22,43.32,0.37,"43",1936,44,44,0
"444",8,79,-10.01,0.35,-10.01,44,22,43.32,0.37,"44",1936,44,44,0
"454",8,79,-10.01,0.35,-10.01,44,22,43.32,0.37,"45",1600,40,40,0
"464",8,79,-10.01,0.35,-10.01,44,22,43.32,0.37,"46",1600,40,40,0
"474",8,79,-10.01,0.35,-10.01,44,22,43.32,0.37,"47",1936,44,44,0
"484",8,79,-10.01,0.35,-10.01,44,22,43.32,0.37,"48",1936,44,44,0
"494",8,79,-10.01,0.35,-10.01,44,22,43.32,0.37,"49",1936,44,44,0
"504",8,79,-10.01,0.35,-10.01,44,22,43.32,0.37,"50",1936,44,44,0
"5110",8,79,-10.01,0.35,-10.01,44,22,43.32,0.37,"51",1936,44,44,0
"524",8,79,-10.01,0.35,-10.01,44,22,43.32,0.37,"52",1600,40,40,0
"534",8,79,-10.01,0.35,-10.01,44,22,43.32,0.37,"53",1936,44,44,0
"544",8,79,-10.01,0.35,-10.01,44,22,43.32,0.37,"54",1936,44,44,0
"554",8,79,-10.01,0.35,-10.01,44,22,43.32,0.37,"55",1560,39,40,0
"564",8,79,-10.01,0.35,-10.01,44,22,43.32,0.37,"56",1600,40,40,0
"574",8,79,-10.01,0.35,-10.01,44,22,43.32,0.37,"57",1560,39,40,0
"584",8,79,-10.01,0.35,-10.01,44,22,43.32,0.37,"58",1600,40,40,0
"593",8,79,-10.01,0.35,-10.01,44,22,43.32,0.37,"59",1936,44,44,0
"603",8,79,-10.01,0.35,-10.01,44,22,43.32,0.37,"60",1600,40,40,0
"618",8,79,-10.01,0.35,-10.01,44,22,43.32,0.37,"61",1936,44,44,0
"622",8,79,-10.01,0.35,-10.01,44,22,43.32,0.37,"62",1936,44,44,0
"632",8,79,-10.01,0.35,-10.01,44,22,43.32,0.37,"63",1936,44,44,0
"642",8,79,-10.01,0.35,-10.01,44,22,43.32,0.37,"64",1600,40,40,0
"652",8,79,-10.01,0.35,-10.01,44,22,43.32,0.37,"65",1560,39,40,0
"661",8,79,-10.01,0.35,-10.01,44,22,43.32,0.37,"66",1936,44,44,0
"671",8,79,-10.01,0.35,-10.01,44,22,43.32,0.37,"67",1560,39,40,0
"681",8,79,-10.01,0.35,-10.01,44,22,43.32,0.37,"68",1936,44,44,0
"691",8,79,-10.01,0.35,-10.01,44,22,43.32,0.37,"69",1560,39,40,0
"701",8,79,-10.01,0.35,-10.01,44,22,43.32,0.37,"70",1936,44,44,0
"714",8,79,-10.01,0.35,-10.01,44,22,43.32,0.37,"71",1600,40,40,0
"721",8,79,-10.01,0.35,-10.01,44,22,43.32,0.37,"72",1560,39,40,0
"731",8,79,-10.01,0.35,-10.01,44,22,43.32,0.37,"73",1600,40,40,0
"741",8,79,-10.01,0.35,-10.01,44,22,43.32,0.37,"74",1560,39,40,0
"751",8,79,-10.01,0.35,-10.01,44,22,43.32,0.37,"75",1936,44,44,0
"761",8,79,-10.01,0.35,-10.01,44,22,43.32,0.37,"76",1936,44,44,0
"771",8,79,-10.01,0.35,-10.01,44,22,43.32,0.37,"77",1936,44,44,0
"781",8,79,-10.01,0.35,-10.01,44,22,43.32,0.37,"78",1936,44,44,0
"791",8,79,-10.01,0.35,-10.01,44,22,43.32,0.37,"79",1936,44,44,0
"129",9,45,-5.67,0.86,-5.67,28,17,4.5,1.84,"1",702,27,26,0
"229",9,45,-5.67,0.86,-5.67,28,17,4.5,1.84,"2",702,27,26,0
"329",9,45,-5.67,0.86,-5.67,28,17,4.5,1.84,"3",702,27,26,0
"420",9,45,-5.67,0.86,-5.67,28,17,4.5,1.84,"4",702,27,26,0
"520",9,45,-5.67,0.86,-5.67,28,17,4.5,1.84,"5",676,26,26,0
"619",9,45,-5.67,0.86,-5.67,28,17,4.5,1.84,"6",784,28,28,0
"715",9,45,-5.67,0.86,-5.67,28,17,4.5,1.84,"7",784,28,28,0
"88",9,45,-5.67,0.86,-5.67,28,17,4.5,1.84,"8",784,28,28,0
"98",9,45,-5.67,0.86,-5.67,28,17,4.5,1.84,"9",676,26,26,0
"108",9,45,-5.67,0.86,-5.67,28,17,4.5,1.84,"10",784,28,28,0
"1112",9,45,-5.67,0.86,-5.67,28,17,4.5,1.84,"11",784,28,28,0
"1210",9,45,-5.67,0.86,-5.67,28,17,4.5,1.84,"12",784,28,28,0
"138",9,45,-5.67,0.86,-5.67,28,17,4.5,1.84,"13",702,27,26,0
"148",9,45,-5.67,0.86,-5.67,28,17,4.5,1.84,"14",784,28,28,0
"158",9,45,-5.67,0.86,-5.67,28,17,4.5,1.84,"15",784,28,28,0
"168",9,45,-5.67,0.86,-5.67,28,17,4.5,1.84,"16",784,28,28,0
"178",9,45,-5.67,0.86,-5.67,28,17,4.5,1.84,"17",784,28,28,0
"188",9,45,-5.67,0.86,-5.67,28,17,4.5,1.84,"18",784,28,28,0
"198",9,45,-5.67,0.86,-5.67,28,17,4.5,1.84,"19",702,27,26,0
"208",9,45,-5.67,0.86,-5.67,28,17,4.5,1.84,"20",784,28,28,0
"2112",9,45,-5.67,0.86,-5.67,28,17,4.5,1.84,"21",676,26,26,0
"2210",9,45,-5.67,0.86,-5.67,28,17,4.5,1.84,"22",702,27,26,0
"238",9,45,-5.67,0.86,-5.67,28,17,4.5,1.84,"23",784,28,28,0
"248",9,45,-5.67,0.86,-5.67,28,17,4.5,1.84,"24",676,26,26,0
"258",9,45,-5.67,0.86,-5.67,28,17,4.5,1.84,"25",676,26,26,0
"268",9,45,-5.67,0.86,-5.67,28,17,4.5,1.84,"26",784,28,28,0
"278",9,45,-5.67,0.86,-5.67,28,17,4.5,1.84,"27",676,26,26,0
"288",9,45,-5.67,0.86,-5.67,28,17,4.5,1.84,"28",702,27,26,0
"298",9,45,-5.67,0.86,-5.67,28,17,4.5,1.84,"29",784,28,28,0
"308",9,45,-5.67,0.86,-5.67,28,17,4.5,1.84,"30",702,27,26,0
"3112",9,45,-5.67,0.86,-5.67,28,17,4.5,1.84,"31",784,28,28,0
"3210",9,45,-5.67,0.86,-5.67,28,17,4.5,1.84,"32",784,28,28,0
"337",9,45,-5.67,0.86,-5.67,28,17,4.5,1.84,"33",676,26,26,0
"347",9,45,-5.67,0.86,-5.67,28,17,4.5,1.84,"34",702,27,26,0
"357",9,45,-5.67,0.86,-5.67,28,17,4.5,1.84,"35",812,29,28,0
"367",9,45,-5.67,0.86,-5.67,28,17,4.5,1.84,"36",676,26,26,0
"377",9,45,-5.67,0.86,-5.67,28,17,4.5,1.84,"37",676,26,26,0
"386",9,45,-5.67,0.86,-5.67,28,17,4.5,1.84,"38",784,28,28,0
"396",9,45,-5.67,0.86,-5.67,28,17,4.5,1.84,"39",676,26,26,0
"405",9,45,-5.67,0.86,-5.67,28,17,4.5,1.84,"40",784,28,28,0
"4111",9,45,-5.67,0.86,-5.67,28,17,4.5,1.84,"41",784,28,28,0
"425",9,45,-5.67,0.86,-5.67,28,17,4.5,1.84,"42",784,28,28,0
"435",9,45,-5.67,0.86,-5.67,28,17,4.5,1.84,"43",702,27,26,0
"445",9,45,-5.67,0.86,-5.67,28,17,4.5,1.84,"44",676,26,26,0
"455",9,45,-5.67,0.86,-5.67,28,17,4.5,1.84,"45",784,28,28,0
"130",10,49,-13.93,3.01,-13.93,50,16,-28.55,2.41,"1",1806,42,43,0
"230",10,49,-13.93,3.01,-13.93,50,16,-28.55,2.41,"2",2350,47,50,0
"330",10,49,-13.93,3.01,-13.93,50,16,-28.55,2.41,"3",1849,43,43,0
"426",10,49,-13.93,3.01,-13.93,50,16,-28.55,2.41,"4",1849,43,43,0
"525",10,49,-13.93,3.01,-13.93,50,16,-28.55,2.41,"5",2400,48,50,0
"620",10,49,-13.93,3.01,-13.93,50,16,-28.55,2.41,"6",1763,41,43,0
"716",10,49,-13.93,3.01,-13.93,50,16,-28.55,2.41,"7",1806,42,43,0
"89",10,49,-13.93,3.01,-13.93,50,16,-28.55,2.41,"8",1806,42,43,0
"99",10,49,-13.93,3.01,-13.93,50,16,-28.55,2.41,"9",2600,52,50,0
"109",10,49,-13.93,3.01,-13.93,50,16,-28.55,2.41,"10",1849,43,43,0
"1113",10,49,-13.93,3.01,-13.93,50,16,-28.55,2.41,"11",1763,41,43,0
"1211",10,49,-13.93,3.01,-13.93,50,16,-28.55,2.41,"12",2550,51,50,0
"139",10,49,-13.93,3.01,-13.93,50,16,-28.55,2.41,"13",1935,45,43,0
"149",10,49,-13.93,3.01,-13.93,50,16,-28.55,2.41,"14",2450,49,50,0
"159",10,49,-13.93,3.01,-13.93,50,16,-28.55,2.41,"15",2550,51,50,0
"169",10,49,-13.93,3.01,-13.93,50,16,-28.55,2.41,"16",1849,43,43,0
"179",10,49,-13.93,3.01,-13.93,50,16,-28.55,2.41,"17",2500,50,50,0
"189",10,49,-13.93,3.01,-13.93,50,16,-28.55,2.41,"18",2650,53,50,0
"199",10,49,-13.93,3.01,-13.93,50,16,-28.55,2.41,"19",1849,43,43,0
"209",10,49,-13.93,3.01,-13.93,50,16,-28.55,2.41,"20",1935,45,43,0
"2113",10,49,-13.93,3.01,-13.93,50,16,-28.55,2.41,"21",1935,45,43,0
"2211",10,49,-13.93,3.01,-13.93,50,16,-28.55,2.41,"22",2500,50,50,0
"239",10,49,-13.93,3.01,-13.93,50,16,-28.55,2.41,"23",1935,45,43,0
"249",10,49,-13.93,3.01,-13.93,50,16,-28.55,2.41,"24",2600,52,50,0
"259",10,49,-13.93,3.01,-13.93,50,16,-28.55,2.41,"25",2500,50,50,0
"269",10,49,-13.93,3.01,-13.93,50,16,-28.55,2.41,"26",2450,49,50,0
"279",10,49,-13.93,3.01,-13.93,50,16,-28.55,2.41,"27",2400,48,50,0
"289",10,49,-13.93,3.01,-13.93,50,16,-28.55,2.41,"28",2550,51,50,0
"299",10,49,-13.93,3.01,-13.93,50,16,-28.55,2.41,"29",1763,41,43,0
"309",10,49,-13.93,3.01,-13.93,50,16,-28.55,2.41,"30",1806,42,43,0
"3113",10,49,-13.93,3.01,-13.93,50,16,-28.55,2.41,"31",1806,42,43,0
"3211",10,49,-13.93,3.01,-13.93,50,16,-28.55,2.41,"32",1763,41,43,0
"338",10,49,-13.93,3.01,-13.93,50,16,-28.55,2.41,"33",1806,42,43,0
"348",10,49,-13.93,3.01,-13.93,50,16,-28.55,2.41,"34",2500,50,50,0
"358",10,49,-13.93,3.01,-13.93,50,16,-28.55,2.41,"35",1849,43,43,0
"368",10,49,-13.93,3.01,-13.93,50,16,-28.55,2.41,"36",1935,45,43,0
"378",10,49,-13.93,3.01,-13.93,50,16,-28.55,2.41,"37",2400,48,50,0
"387",10,49,-13.93,3.01,-13.93,50,16,-28.55,2.41,"38",2400,48,50,0
"397",10,49,-13.93,3.01,-13.93,50,16,-28.55,2.41,"39",1849,43,43,0
"406",10,49,-13.93,3.01,-13.93,50,16,-28.55,2.41,"40",1806,42,43,0
"4112",10,49,-13.93,3.01,-13.93,50,16,-28.55,2.41,"41",1935,45,43,0
"427",10,49,-13.93,3.01,-13.93,50,16,-28.55,2.41,"42",2550,51,50,0
"436",10,49,-13.93,3.01,-13.93,50,16,-28.55,2.41,"43",2500,50,50,0
"446",10,49,-13.93,3.01,-13.93,50,16,-28.55,2.41,"44",2500,50,50,0
"456",10,49,-13.93,3.01,-13.93,50,16,-28.55,2.41,"45",1935,45,43,0
"465",10,49,-13.93,3.01,-13.93,50,16,-28.55,2.41,"46",2550,51,50,0
"475",10,49,-13.93,3.01,-13.93,50,16,-28.55,2.41,"47",2550,51,50,0
"485",10,49,-13.93,3.01,-13.93,50,16,-28.55,2.41,"48",2500,50,50,0
"495",10,49,-13.93,3.01,-13.93,50,16,-28.55,2.41,"49",2600,52,50,0
